<?xml version='1.0' encoding='utf-8' standalone='yes' ?>
<map>
    <long name="COM_USER_ID" value="14486842" />
    <boolean name="COM_LAINYUN_JIAOZHI_PAY_PAGSMILE_STATUS" value="false" />
    <int name="COM_AD_DOWNLOAD_TYPE_KEY" value="1" />
    <boolean name="IS_AGREE_LOGIN_SERVICE_PROTOCOL" value="true" />
    <string name="MAIN_JZ_USER_SIGN_AD_INFO">10</string>
    <string name="COM_DEVICE_ID">00000000-7a7f-8b6d-ffff-ffffef05ac4a</string>
    <boolean name="COM_JZD_SHOW_SELECT_GAME_ID" value="true" />
    <boolean name="COM_USER_PROTOCOL_KEY" value="true" />
    <boolean name="COM_APP_SHOW_FPS" value="false" />
    <string name="COM_APP_LOCAL_COUNTRY"></string>
    <string name="COM_JZD_INSTALL_TYPE_HJ">0</string>
    <string name="MAIN_JZ_USER_SIGN_INFO">{&quot;button&quot;:&quot;Watch AD(0/2)&quot;,&quot;button_type&quot;:0,&quot;finish_num&quot;:0,&quot;next_third_advert&quot;:&quot;10&quot;,&quot;product_id&quot;:66,&quot;product_price&quot;:0.05,&quot;reward_content&quot;:&quot;//// Watch 2 AD,Get 15mins Game Time \\\\&quot;,&quot;reward_time&quot;:[{&quot;max_reward_time&quot;:90,&quot;step&quot;:0,&quot;task_max&quot;:3,&quot;week_day&quot;:1},{&quot;max_reward_time&quot;:90,&quot;step&quot;:0,&quot;task_max&quot;:3,&quot;week_day&quot;:2},{&quot;max_reward_time&quot;:90,&quot;step&quot;:0,&quot;task_max&quot;:3,&quot;week_day&quot;:3},{&quot;max_reward_time&quot;:90,&quot;step&quot;:0,&quot;task_max&quot;:3,&quot;week_day&quot;:4},{&quot;max_reward_time&quot;:90,&quot;step&quot;:0,&quot;task_max&quot;:3,&quot;week_day&quot;:5},{&quot;max_reward_time&quot;:90,&quot;step&quot;:0,&quot;task_max&quot;:3,&quot;week_day&quot;:6},{&quot;max_reward_time&quot;:90,&quot;step&quot;:0,&quot;task_max&quot;:3,&quot;week_day&quot;:7}],&quot;side_button&quot;:&quot;&quot;,&quot;sign_id&quot;:26,&quot;times&quot;:2,&quot;title&quot;:&quot;&quot;,&quot;today&quot;:6}</string>
    <string name="MAIN_JZ_CLOSED_GAME_AD_CATEGORY">10</string>
    <string name="COM_WEB_SOCKET_URL">ws://ws.cloud.cgaapp.com:31080/connmanager/ws</string>
    <boolean name="MAIN_JZ_CHANNEL_NO_LOCATION_KEY" value="true" />
    <string name="COM_HEJI_TO_DANBAO_GAME_ID_TAG">289</string>
    <string name="MAIN_JZ_QUESTION_URL">http://jiaoziyun.mikecrm.com/CTOGj4z</string>
    <string name="URL_KEY_AUTH_SHIMING">http://hybird-rnc.game97.jzbro.com</string>
    <string name="MAIN_JZ_GAME_LOADING_AD_CATEGORY">10</string>
    <boolean name="MAIN_JZ_EVALUATE_INVITE" value="false" />
    <boolean name="MAIN_JZ_MALL_KEY" value="false" />
    <string name="COM_GUIDE_GAME_SPEED_CONFIG">1,&quot;It is recommended to purchase VIP to quickly enter the game&quot;</string>
    <string name="MAIN_JZ_USER_VIP_INFO"></string>
    <string name="COM_APP_GOOGLE_SIGN_RECOMMEND">first-time login rewards 45 minutes of gameplay</string>
    <string name="COM_USER_TOKEN">e599d2814d68c699494827eb8b4626ee</string>
    <string name="COM_VERSION_NAME">1.3.2.20041</string>
    <string name="URL_KEY_PAGSMILE_ABOUT_US_PLICY">http://dl.cgaapp.com/static/AboutUs.html</string>
    <string name="COM_APP_CONFIG">2</string>
    <int name="COM_USER_PROTOCOL_VERSION_KEY" value="250721001" />
    <boolean name="MAIN_JZ_GAMEPAD_SELL_KEY" value="false" />
    <boolean name="COM_LOG_DEBUG" value="false" />
    <string name="MAIN_JZ_PUBLISH_GAME_DATA_KEY">该游戏由网友上传分享，仅供试玩之用，饺子云不承担任何法律责任，如果您喜欢该游戏请购买官方正版。 饺子云不拥有任何权利，其版权归该游戏的合法拥有者。如果该游戏侵犯了您的版权，请将相关版权证明或授权证明发送邮箱service@jzbro.com，我们将在24小时内删除该游戏。</string>
    <string name="URL_KEY_COUPON_EXPLAIN">http://dl.cgaapp.com/static/CouponExplain.html</string>
    <int name="MAIN_JZ_HOME_TAB_SELECT_INDEX" value="2" />
    <string name="URL_KEY_POINT_EXPLAIN">http://dl.cgaapp.com/static/PointExplain.html</string>
    <string name="MAIN_JZ_GAME_MOBILE"></string>
    <string name="URL_KEY_PAGSMILE_AML_PLICY">http://dl.cgaapp.com/static/AMLPlicy.html</string>
    <string name="COM_VERSION_CODE">250721001</string>
    <string name="COM_SMS_LOGIN_STATUS">0</string>
    <string name="URL_KEY_LOGIN_SERVICE_PROTOCOL">http://dl.cgaapp.com/static/UserAgreement.html</string>
    <string name="MAIN_JZ_GAME_IS_USERID">isLogin</string>
    <string name="COM_APP_DEVICE_OAID"></string>
    <string name="MAIN_JZ_GAME_HEAD_ICON">https://profile-save-hw.oss-ap-southeast-1.aliyuncs.com/cloudgame/images/avatar/avatar2.png</string>
    <int name="COM_JZ_USER_VIP_TYPE" value="0" />
    <string name="COM_QUEUE_PRODUCT_TAG">{&quot;product_id&quot;:72,&quot;product_name&quot;:&quot;fast&quot;,&quot;price&quot;:0.2}</string>
    <string name="COM_BASE_URL">https://api.cloud.cgaapp.com</string>
    <string name="MAIN_JZ_SPLASH_AD_CATEGORY">0</string>
    <boolean name="COM_APP_PAYERMAX_PAY_STATUS" value="false" />
    <string name="COM_CLIENT_APP_ID">com.cga.cloudgame.platform</string>
    <string name="MAIN_JZ_CHANNEL_PREFIX_PARAM">walle_</string>
    <int name="MAIN_JZ_SPLASH_AD_RESHOW_TIME" value="900" />
    <string name="MAIN_JZ_UPLOAD_GAME_URL_KEY">http://hybird-common.game97.jzbro.com/upload-game-guide/index.html</string>
    <string name="COM_JZD_INSTALL_TYPE_YS">0</string>
    <string name="URL_KEY_AUTH_YOUTH">http://hybird-ym.game97.jzbro.com</string>
    <string name="MAIN_JZ_GAME_SEX_NAME">male</string>
    <string name="COM_GAME_ID">0</string>
    <string name="COM_CLIENT_VERSION_ID">250721001</string>
    <boolean name="LIANYUN_APP_CHANNEL_233_KEY" value="false" />
    <string name="COM_COUNTRY_NUMBER_NO_SUPPORT">+1,+86,</string>
    <boolean name="MAIN_JZ_VERSION_SHOR_KEY" value="false" />
    <string name="URL_KEY_LOGIN_PRIVACY_PLICY">http://dl.cgaapp.com/static/PrivacyPolicy.html</string>
    <string name="URL_KEY_VIP_USER_AGREEMENT">http://dl.cgaapp.com/static/VIPUserAgreement.html</string>
    <string name="MAIN_JZ_GAME_NICK_NAME">Linda_465368</string>
    <string name="COM_APP_NS_INPUT_CONFIG">6;如果游戏卡住，请按下 [X] 键返回前一对话</string>
</map>
