<?xml version='1.0' encoding='utf-8' standalone='yes' ?>
<map>
    <string name="com.applovin.sdk.last_os_version_user_agent_collected_for">13</string>
    <string name="com.applovin.sdk.applovin_random_token">6e60a095-3844-401e-b2a0-4e0a435b6687</string>
    <string name="com.applovin.sdk.compass_random_token">c8ca0a2a-59fe-4956-8854-cd651e451364</string>
    <string name="com.applovin.sdk.user_agent">Mozilla/5.0 (Linux; Android 13; RMX3085 Build/SP1A.210812.016; wv) AppleWebKit/537.36 (KHTML, like Gecko) Version/4.0 Chrome/140.0.7339.51 Mobile Safari/537.36</string>
</map>
