<?xml version='1.0' encoding='utf-8' standalone='yes' ?>
<map>
    <long name="first_open_time" value="1758371981688" />
    <string name="gmp_app_id">1:1063152212326:android:0acb8d902704da48fb50a7</string>
    <string name="app_instance_id">9cfaad15e1874d147c2cdb0705c8a6d9</string>
    <long name="session_id" value="1758371981" />
    <boolean name="app_backgrounded" value="true" />
    <long name="health_monitor:start" value="1758371981792" />
    <boolean name="use_service" value="true" />
    <boolean name="deferred_analytics_collection" value="false" />
    <string name="previous_os_version">13</string>
    <boolean name="has_been_opened" value="true" />
    <boolean name="allow_remote_dynamite" value="true" />
    <long name="last_pause_time" value="1758372437971" />
    <boolean name="start_new_session" value="false" />
</map>
