<?xml version='1.0' encoding='utf-8' standalone='yes' ?>
<map>
    <boolean name="com.applovin.sdk.pdtw.retry_on_all_errors" value="true" />
    <boolean name="com.applovin.sdk.pdtw.sutwfat" value="true" />
    <boolean name="com.applovin.sdk.pdtw.cache_cleanup_enabled" value="true" />
    <long name="com.applovin.sdk.pdtw.ad_view_refresh_precache_request_viewability_undesired_flags" value="406" />
    <boolean name="com.applovin.sdk.pdtw.btee" value="true" />
    <boolean name="com.applovin.sdk.pdtw.mute_with_user_settings" value="true" />
    <boolean name="com.applovin.sdk.pdtw.hgn" value="true" />
    <boolean name="com.applovin.sdk.pdtw.enais" value="true" />
    <string name="com.applovin.sdk.pdtw.config_consent_dialog_state">does_not_apply</string>
    <boolean name="com.applovin.sdk.pdtw.falawpr" value="false" />
    <boolean name="com.applovin.sdk.pdtw.cmi" value="true" />
    <boolean name="com.applovin.sdk.pdtw.creative_debugger_enabled" value="true" />
    <string name="com.applovin.sdk.pdtw.mediation_endpoint">https://ms4.applovin.com/</string>
    <long name="com.applovin.sdk.pdtw.bvdim" value="8000" />
    <boolean name="com.applovin.sdk.pdtw.spbcioa" value="true" />
    <long name="com.applovin.sdk.pdtw.bwt_ms" value="30000" />
    <boolean name="com.applovin.sdk.pdtw.max_postback_gzip" value="true" />
    <string name="com.applovin.sdk.pdtw.saui"></string>
    <long name="com.applovin.sdk.pdtw.session_tracking_paused_cooldown_minutes" value="0" />
    <long name="com.applovin.sdk.pdtw.ad_load_failure_refresh_ms" value="30000" />
    <boolean name="com.applovin.sdk.pdtw.proe" value="true" />
    <boolean name="com.applovin.sdk.pdtw.daostr" value="true" />
    <boolean name="com.applovin.sdk.pdtw.fullscreen_ads_block_publisher_load_if_another_showing" value="true" />
    <int name="com.applovin.sdk.pdtw.cache_max_size_mb" value="-1" />
    <int name="com.applovin.sdk.pdtw.dcttl_1_seconds" value="5" />
    <boolean name="com.applovin.sdk.pdtw.ree" value="true" />
    <int name="com.applovin.sdk.pdtw.reet_msma" value="1" />
    <boolean name="com.applovin.sdk.pdtw.ah_cdde" value="true" />
    <int name="com.applovin.sdk.pdtw.fetch_basic_settings_delay_ms" value="1500" />
    <boolean name="com.applovin.sdk.pdtw.dwvvb" value="true" />
    <int name="com.applovin.sdk.pdtw.close_button_touch_area" value="0" />
    <boolean name="com.applovin.sdk.pdtw.cclia" value="false" />
    <boolean name="com.applovin.sdk.pdtw.stcpc" value="true" />
    <boolean name="com.applovin.sdk.pdtw.init_adapter_for_al" value="true" />
    <boolean name="com.applovin.sdk.pdtw.mute_videos" value="false" />
    <long name="com.applovin.sdk.pdtw.viewability_adview_imp_delay_ms" value="0" />
    <string name="com.applovin.sdk.pdtw.device_token">MaznYs97JTiqaqEwnZGZ5icX0xHdl5kKyer61GkhaBbDEtxTZWFVQ6NbLvaJmJvvqAVXVJFrZY2pCEDoohXKP8tab7WdNyCkblpxR8YiVPgIil5C-gPGO2oRgyUguUhwmu7kzrdaZIo6m-nN34II4VN4cYEF5CpWRvb0voG5S5o=</string>
    <string name="com.applovin.sdk.pdtw.country_code">PH</string>
    <string name="com.applovin.sdk.pdtw.device_id">10278356c98f9f8da0</string>
    <string name="com.applovin.sdk.pdtw.sc">Jvq1%2BRsW%2Fr%2F5G1TuCxVIFqKT0fKsZgA%3D</string>
    <boolean name="com.applovin.sdk.pdtw.gwe" value="true" />
    <long name="com.applovin.sdk.pdtw.max_signal_provider_latency_ms" value="20000" />
    <string name="com.applovin.sdk.pdtw.mediation_backup_endpoint">https://ms4.applvn.com/</string>
    <boolean name="com.applovin.sdk.pdtw.avrsponse" value="true" />
    <boolean name="com.applovin.sdk.pdtw.cfs" value="true" />
    <boolean name="com.applovin.sdk.pdtw.session_tracking_cooldown_on_event_fire" value="true" />
    <boolean name="com.applovin.sdk.pdtw.is_track_ad_info" value="false" />
    <long name="com.applovin.sdk.pdtw.fullscreen_ad_displayed_timeout_ms" value="-1" />
    <boolean name="com.applovin.sdk.pdtw.allow_pause_auto_refresh_immediately" value="false" />
    <boolean name="com.applovin.sdk.pdtw.dc_v2" value="false" />
    <boolean name="com.applovin.sdk.pdtw.mute_controls_enabled" value="false" />
    <boolean name="com.applovin.sdk.pdtw.anr_detection_enabled" value="true" />
    <boolean name="com.applovin.sdk.pdtw.cnr" value="true" />
    <boolean name="com.applovin.sdk.pdtw.user_agent_collection_enabled" value="true" />
    <boolean name="com.applovin.sdk.pdtw.ssfwif" value="true" />
    <boolean name="com.applovin.sdk.pdtw.cf" value="true" />
    <int name="com.applovin.sdk.pdtw.stps" value="2" />
    <string name="com.applovin.sdk.pdtw.adserver_endpoint">https://a4.applovin.com/</string>
    <boolean name="com.applovin.sdk.pdtw.init_adapter_for_sc" value="true" />
    <boolean name="com.applovin.sdk.pdtw.cvs" value="true" />
    <boolean name="com.applovin.sdk.pdtw.daoar" value="true" />
    <int name="com.applovin.sdk.pdtw.mra" value="5" />
    <string name="com.applovin.sdk.pdtw.saf">INTER,REWARDED</string>
    <boolean name="com.applovin.sdk.pdtw.collect_device_movement" value="true" />
    <int name="com.applovin.sdk.pdtw.aei" value="88" />
    <boolean name="com.applovin.sdk.pdtw.caf" value="true" />
    <int name="com.applovin.sdk.pdtw.vast_video_selection_policy" value="4" />
    <boolean name="com.applovin.sdk.pdtw.lhs_skip_button" value="true" />
    <string name="com.applovin.sdk.pdtw.server_installed_at">1758371986702</string>
    <int name="com.applovin.sdk.pdtw.auxiliary_operations_threads" value="1" />
    <boolean name="com.applovin.sdk.pdtw.faroae" value="false" />
    <int name="com.applovin.sdk.pdtw.fetch_ad_retry_count_v1" value="1" />
    <boolean name="com.applovin.sdk.pdtw.fppopq" value="true" />
    <boolean name="com.applovin.sdk.pdtw.collect_device_angle" value="true" />
    <long name="com.applovin.sdk.pdtw.publisher_id" value="363045" />
    <int name="com.applovin.sdk.pdtw.lmfd" value="2" />
    <string name="com.applovin.sdk.pdtw.resource_cache_prefix">https://vid.applovin.com/,https://stage-vid.applovin.com/,https://pdn.applovin.com/,https://stage-pdn.applovin.com/,https://img.applovin.com/,https://stage-img.applovin.com/,https://d.applovin.com/,https://assets.applovin.com/,https://stage-assets.applovin.com/,https://cdnjs.cloudflare.com/,http://vid.applovin.com/,http://stage-vid.applovin.com/,http://pdn.applovin.com/,http://stage-pdn.applovin.com/,http://img.applovin.com/,http://stage-img.applovin.com/,http://d.applovin.com/,http://assets.applovin.com/,http://stage-assets.applovin.com/,http://cdnjs.cloudflare.com/,http://u.appl.vn/,https://u.appl.vn/,https://res.applovin.com/,https://res1.applovin.com/,https://res2.applovin.com/,https://res3.applovin.com/,http://res.applovin.com/,http://res1.applovin.com/,http://res2.applovin.com/,http://res3.applovin.com/</string>
    <boolean name="com.applovin.sdk.pdtw.ah_crut" value="true" />
    <boolean name="com.applovin.sdk.pdtw.adr" value="true" />
    <long name="com.applovin.sdk.pdtw.twt_ms" value="30000" />
    <long name="com.applovin.sdk.pdtw.cache_file_ttl_seconds" value="259200" />
    <long name="com.applovin.sdk.pdtw.fetch_next_ad_timeout_ms" value="30000" />
    <boolean name="com.applovin.sdk.pdtw.fetch_mediated_ad_gzip" value="true" />
    <boolean name="com.applovin.sdk.pdtw.bvde" value="true" />
    <boolean name="com.applovin.sdk.pdtw.ah_cvc" value="true" />
    <int name="com.applovin.sdk.pdtw.fetch_basic_settings_connection_timeout_ms" value="10000" />
    <boolean name="com.applovin.sdk.pdtw.qq" value="true" />
    <boolean name="com.applovin.sdk.pdtw.crat" value="true" />
    <boolean name="com.applovin.sdk.pdtw.bdae" value="false" />
    <boolean name="com.applovin.sdk.pdtw.track_network_response_codes" value="true" />
    <long name="com.applovin.sdk.pdtw.server_timestamp_ms" value="1758372397750" />
    <long name="com.applovin.sdk.pdtw.device_timestamp_ms" value="1758372396923" />
    <boolean name="com.applovin.sdk.pdtw.unltrwb" value="true" />
    <long name="com.applovin.sdk.pdtw.session_tracking_resumed_cooldown_minutes" value="0" />
    <boolean name="com.applovin.sdk.pdtw.qq2" value="true" />
    <boolean name="com.applovin.sdk.pdtw.qq1" value="true" />
    <int name="com.applovin.sdk.pdtw.tmtp" value="1" />
    <boolean name="com.applovin.sdk.pdtw.faer" value="false" />
    <boolean name="com.applovin.sdk.pdtw.qq3" value="true" />
    <string name="com.applovin.sdk.pdtw.mra_af">INTER,REWARDED,REWARDED_INTER,BANNER,LEADER,MREC</string>
    <boolean name="com.applovin.sdk.pdtw.cso" value="true" />
    <int name="com.applovin.sdk.pdtw.close_button_size_video" value="27" />
    <long name="com.applovin.sdk.pdtw.fullscreen_display_delay_ms" value="0" />
    <int name="com.applovin.sdk.pdtw.max_postback_attempts" value="3" />
    <long name="com.applovin.sdk.pdtw.ad_refresh_ms" value="30000" />
    <boolean name="com.applovin.sdk.pdtw.ccrc" value="false" />
    <boolean name="com.applovin.sdk.pdtw.submit_network_response_codes" value="true" />
    <int name="com.applovin.sdk.pdtw.network_thread_count" value="2" />
    <boolean name="com.applovin.sdk.pdtw.force_ssl" value="true" />
    <boolean name="com.applovin.sdk.pdtw.refresh_ad_view_timer_responds_to_background" value="true" />
    <boolean name="com.applovin.sdk.pdtw.is_verbose_logging" value="false" />
    <string name="com.applovin.sdk.pdtw.sc2">GwB2AAA=</string>
    <boolean name="com.applovin.sdk.pdtw.clear_network_response_codes_on_request" value="true" />
    <boolean name="com.applovin.sdk.pdtw.refresh_ad_view_timer_responds_to_store_kit" value="true" />
    <string name="com.applovin.sdk.pdtw.ad_load_failure_refresh_ignore_error_codes"></string>
    <string name="com.applovin.sdk.pdtw.afi"></string>
    <string name="com.applovin.sdk.pdtw.sc3">1758372275914:1SgbAsEYWG8xkhaTNOmxBPWJZitiWUQMcHZVg2CsYgU*</string>
    <boolean name="com.applovin.sdk.pdtw.uppmv2" value="true" />
    <string name="com.applovin.sdk.pdtw.pbataipaf"></string>
    <boolean name="com.applovin.sdk.pdtw.uwtm" value="true" />
    <boolean name="com.applovin.sdk.pdtw.sai" value="false" />
</map>
