<?xml version='1.0' encoding='utf-8' standalone='yes' ?>
<map>
    <set name="fire-installations/18.0.0 device-brand/realme fire-android/33 fire-core/21.0.0 fire-core-ktx/21.0.0 fire-analytics/22.1.0 android-installer/com.google.android.packageinstaller fire-analytics-ktx/22.1.0 device-name/RMX3085 device-model/RMX3085L1 android-min-sdk/21 android-platform/ android-target-sdk/35 kotlin/1.9.0">
        <string>2025-09-20</string>
    </set>
    <long name="fire-count" value="1" />
    <string name="last-used-date">2025-09-20</string>
    <long name="fire-global" value="1758371981809" />
</map>
