<?xml version='1.0' encoding='utf-8' standalone='yes' ?>
<map>
    <set name="ROUTER_MAP">
        <string>com.alibaba.android.arouter.routes.ARouter$$Providers$$module_game</string>
        <string>com.alibaba.android.arouter.routes.ARouter$$Root$$module_main_jiaozi</string>
        <string>com.alibaba.android.arouter.routes.ARouter$$Providers$$module_main_jiaozi</string>
        <string>com.alibaba.android.arouter.routes.ARouter$$Root$$arouterapi</string>
        <string>com.alibaba.android.arouter.routes.ARouter$$Providers$$arouterapi</string>
        <string>com.alibaba.android.arouter.routes.ARouter$$Group$$hb_aroute</string>
        <string>com.alibaba.android.arouter.routes.ARouter$$Group$$mainjz_aroute</string>
        <string>com.alibaba.android.arouter.routes.ARouter$$Providers$$lib_heartbeat</string>
        <string>com.alibaba.android.arouter.routes.ARouter$$Root$$lib_heartbeat</string>
        <string>com.alibaba.android.arouter.routes.ARouter$$Root$$module_game</string>
        <string>com.alibaba.android.arouter.routes.ARouter$$Group$$arouter</string>
        <string>com.alibaba.android.arouter.routes.ARouter$$Group$$game_aroute</string>
    </set>
    <string name="LAST_VERSION_NAME">1.3.2.20041</string>
    <int name="LAST_VERSION_CODE" value="250721001" />
</map>
