{"Fid":"f7WA7IdaQdGS3oeQQItrb5","Status":3,"AuthToken":"eyJhbGciOiJFUzI1NiIsInR5cCI6IkpXVCJ9.eyJhcHBJZCI6IjE6MTA2MzE1MjIxMjMyNjphbmRyb2lkOjBhY2I4ZDkwMjcwNGRhNDhmYjUwYTciLCJleHAiOjE3NTg5NzY3ODMsImZpZCI6ImY3V0E3SWRhUWRHUzNvZVFRSXRyYjUiLCJwcm9qZWN0TnVtYmVyIjoxMDYzMTUyMjEyMzI2fQ.AB2LPV8wRgIhAIS-J7I-D4hsQNgmIAfWAtQe2Fnpmc6iQM6Mo7kCbSmPAiEArcb5wEcjeRq1AgbAHVCgkBbLBpbrEaYJJOe_mEIYiug","RefreshToken":"3_AS3qfwKOtcsnZSC_a4aSP7CllpToJ7RX4SjSaAuUqg2OqAHWP0Xw-KEyIRS1TQ84Z53y_Jrn36imtEYAmiT58ZV7dWfzE2bznA-Wo1aBfwA_dVg","TokenCreationEpochInSecs":1758371982,"ExpiresInSecs":604800}